{
    "checkpoint.pth": {
        "knn_k20": 64.36491935483872,
        "linear_eval": 67.2757056451613
    },
    "model_best.pth": {
        "knn_k20": 65.34778225806451,
        "linear_eval": 68.8508064516129
    }
}